,,          Red & Green Flag example bank,,,,,
Green Flag üíö,Red Flag üö©,Behavior/Description,Example,Impact (Why it Matters),Worth Addressing? (Red Flags),Action Steps (How to Address It),Theme
Keeps their promises and always follows through.,Cancels plans or breaks promises way too often without a good reason.,"Healthy communication involves active listening‚Äîfocusing on the other person‚Äôs words, tone, and body language. A red flag arises when someone consistently talks over you or invalidates what you‚Äôre expressing, leaving you feeling unheard.",They promise to help you move but cancel last minute without a good reason.,"Consistent unreliability undermines trust, leaving you feeling unsupported and questioning their priorities.",Always worth addressing,"Communicate Clearly
Address the pattern calmly and express how it makes you feel.
Example: ‚ÄúI‚Äôve noticed plans keep falling through, and it‚Äôs disappointing because I value spending time together.‚Äù

Set Expectations
Share what you need moving forward.
Example: ‚ÄúI understand things come up, but consistency is important to me. If plans change, I‚Äôd appreciate more notice or effort to reschedule.‚Äù

Observe & Decide
Watch for changes in their behavior. If they continue breaking promises without valid reasons, evaluate if this aligns with your standards and what you want in a relationship.",Trust
Shares their thoughts and feelings like an open book.,"Keeps secrets or leaves out important details, even when asked.",Transparency builds a foundation of trust. A partner who withholds information or evades questions might create doubts about their honesty.,They fail to mention they had lunch with an ex when you asked about their day.,"Lack of transparency breeds insecurity and suspicion, making it hard to feel secure in the relationship.",,"Communicate Clearly
Address the pattern calmly and explain how it makes you feel.
Example: ‚ÄúI‚Äôve noticed you sometimes leave out important details, and it makes me feel like I can‚Äôt fully trust what‚Äôs being shared. Trust is really important to me.‚Äù

Set Expectations
Share what you need moving forward and ask for their commitment to change.
Example: ‚ÄúI need us to be open and honest with each other, especially when it comes to things that matter. Can you commit to being more upfront with me?‚Äù

Observe & Decide
Pay attention to their actions after the conversation. If the behavior continues, consider whether this aligns with your needs and boundaries in a relationship.
Example: ‚ÄúIf this keeps happening, it‚Äôs going to be hard for me to feel secure in this relationship. I want us to work on building trust together.‚Äù",Trust
"Speaks the truth, even when it‚Äôs tough to say.",Tells little lies or avoids the truth just to dodge conflict.,Honesty includes being truthful in small and big matters. A partner who avoids uncomfortable truths might prioritize their comfort over the relationship‚Äôs integrity.,They say they‚Äôre stuck at work but were actually out with friends.,"Even small lies erode trust, planting seeds of doubt about their integrity and intentions.",Never worth addressing. Dealbreaker. Relationship ender,"Communicate Clearly
Address the pattern calmly and express how it makes you feel.
Example: ""I‚Äôve noticed that sometimes you tell small lies or avoid the truth, and it makes me feel like I can‚Äôt fully trust what‚Äôs being shared. Honesty is really important to me.""

Set Expectations
Share what you need moving forward.
Example: ""I understand that conflict can be uncomfortable, but I‚Äôd rather hear the truth, even if it‚Äôs hard. Can you commit to being upfront with me, even when it feels awkward?""

Observe & Decide
Watch for changes in their behavior. If the pattern continues, evaluate whether their actions align with your needs for trust and honesty.
Example: ""If this keeps happening, I‚Äôll need to think about whether this relationship can grow without the openness I value.""",Trust
Owns up to their mistakes like a grown-up.,Blames everyone else instead of owning up to mistakes.,Trust grows when partners own their actions. Avoiding accountability signals immaturity and an unwillingness to address issues constructively.,They blame you for not reminding them about an important event they missed.,"Without accountability, problems remain unresolved, leaving you to feel frustrated and unheard.",,"Communicate Clearly
Address the pattern calmly and express how it makes you feel.
Example: ""I‚Äôve noticed that when things go wrong, you often blame others instead of taking responsibility. It makes me feel frustrated because accountability is important to building trust.""

Set Expectations
Share what you need moving forward.
Example: ""I need us to be able to take ownership of our actions in this relationship. Can we agree to focus on accountability instead of shifting blame?""

Observe & Decide
Watch for changes in their behavior. If they continue avoiding responsibility, evaluate whether this aligns with your standards for mutual respect and growth.
Example: ""If this keeps happening, I‚Äôll need to reassess whether we can build a partnership based on trust and shared responsibility.""",Trust
Shows up for you when life gets messy.,Brushes off your struggles when you need someone to lean on.,"A dependable partner shows up during challenging times, not just when things are easy. Failing to be present during hardship shows emotional unavailability.","You share your work stress, and they respond with, ""You‚Äôre overreacting again.""",Emotional neglect during tough times creates a sense of isolation and weakens the bond.,Always worth addressing,"Communicate Clearly
Address the pattern calmly and express how it makes you feel.
Example: ""I‚Äôve noticed that when I share something I‚Äôm struggling with, it sometimes feels like it‚Äôs brushed off. It makes me feel unsupported, and I really value being able to lean on each other.""

Set Expectations
Share what you need moving forward.
Example: ""I need to feel like we can have open and supportive conversations, especially during tough times. Can we work on being more present and empathetic when one of us is struggling?""

Observe & Decide
Watch for changes in their behavior. If they continue dismissing your struggles, evaluate whether this relationship provides the emotional support you need.
Example: ""If I keep feeling like I can‚Äôt lean on you when I need to, it will make it hard for me to feel secure in this relationship.""",Trust
Respects your boundaries like a total pro.,Pushes or ignores your boundaries like they don‚Äôt matter.,Trust thrives when boundaries are respected. Disregarding limits shows a lack of respect and prioritizes their desires over your comfort.,"You ask for space, and they show up at your house uninvited.",Ignoring boundaries creates emotional discomfort and erodes trust in their respect for your autonomy.,Only worth addressing if the relationship provides other values,"Communicate Clearly
Address the pattern calmly and express how it makes you feel.
Example: ""I‚Äôve noticed that when I set a boundary, it sometimes feels like it‚Äôs pushed or ignored. This makes me feel disrespected because my boundaries are important to me.""

Set Expectations
Share what you need moving forward.
Example: ""I need us to respect each other‚Äôs boundaries for this relationship to feel safe and supportive. Can you commit to honoring the boundaries I set moving forward?""

Observe & Decide
Watch for changes in their behavior. If they continue to ignore or push your boundaries, evaluate whether this relationship aligns with your need for mutual respect and emotional safety.
Example: ""If my boundaries keep being ignored, it will make it hard for me to feel comfortable continuing this relationship.""",Trust
Keeps it real when it comes to money matters.,Hides financial decisions or spending habits from you.,"Financial transparency is crucial, especially in long-term partnerships. Hidden spending can signal deeper issues of trust or control.",They spend a large amount of money but don‚Äôt tell you until you notice.,"Financial secrecy can lead to tension, resentment, and a lack of mutual security.",Never worth addressing. Dealbreaker. Relationship ender,"Communicate Clearly
Address the pattern calmly and express how it makes you feel.
Example: ""I‚Äôve noticed that financial decisions or spending habits are sometimes hidden from me, and it makes me feel like we‚Äôre not being fully transparent. This is concerning because trust is important when it comes to finances.""

Set Expectations
Share what you need moving forward.
Example: ""I need us to be open about financial decisions, especially if they impact both of us. Can we agree to have honest conversations about spending and financial goals?""

Observe & Decide
Watch for changes in their behavior. If they continue hiding financial matters, evaluate whether this aligns with your standards for transparency and trust in the relationship.
Example: ""If financial decisions are kept secret, it will make it hard for me to feel secure in building a future together.""",Trust
Is steady and reliable‚Äîno rollercoaster vibes.,"Acts unpredictably, leaving you unsure of what‚Äôs coming next.",Consistency allows you to feel safe and secure. Erratic behavior creates emotional turbulence and uncertainty.,They‚Äôre cheerful one moment and moody the next without explanation.,Emotional inconsistency fosters anxiety and prevents the relationship from feeling stable.,,"1. Say, 'I need to feel like I know where I stand with you, even when you‚Äôre having a tough day.'
2. Encourage them to communicate their feelings openly rather than withdrawing or lashing out.",Trust
Has your back in public and behind the scenes.,Talks badly about you behind your back.,Loyalty means standing by your partner and protecting their reputation. Speaking poorly of them undermines trust and respect.,They complain about you to mutual friends behind your back.,"Disloyalty creates division and embarrassment, making it hard to feel secure in their support.",Always worth addressing,"1. Request, 'Let‚Äôs keep private matters between us unless we agree otherwise.'
2. Observe whether they respect this boundary moving forward.",Trust
Trusts your truth without playing detective.,Constantly questions your motives or accuses you of dishonesty.,Trust includes giving your partner the benefit of the doubt. Constant accusations reflect insecurity and lack of trust.,They frequently accuse you of lying without any evidence.,"Unfounded suspicion breeds resentment and discourages openness, creating a toxic cycle.",,"1. Reassure them: 'I need you to trust me when I say something is true.'
2. Encourage them to reflect on why they feel insecure and seek outside help if needed.",Trust
Listens with their whole heart and no interruptions.,Interrupts you mid-sentence or dominates every conversation.,"Active listening means focusing fully on the speaker, showing interest, and avoiding interruptions. A lack of this creates feelings of disregard.",They cut you off mid-sentence to make their own point.,"Interruptions make you feel unheard and undervalued, damaging emotional safety.",Only worth addressing if it doesn't reoccur,"1. Gently say, 'Can I finish my thought before we switch topics?'
2. Practice active listening exercises together.",Communication
Communicates clearly so there‚Äôs no guessing game.,Avoids direct communication and sticks to vague responses.,Clarity involves expressing ideas and needs in a straightforward way. Ambiguity or avoidance leaves the other person guessing.,"When asked what‚Äôs wrong, they respond with, ""I‚Äôm fine,"" but clearly aren‚Äôt.","Ambiguity causes confusion and frustration, making effective communication difficult.",,"1. Ask, 'Can you clarify what you mean by that?'
2. Set expectations for more direct communication.",Communication
"Makes eye contact that says, I‚Äôm all in.","Sends mixed signals with their body language, like eye rolls or sighs.",Nonverbal cues can reinforce or contradict spoken words. Eye rolls or avoiding eye contact can undermine trust.,They roll their eyes or sigh dramatically during a discussion.,Contradictory cues create mistrust and confusion about their true feelings.,,"1. Say, 'I‚Äôm sensing your body language doesn‚Äôt match your words. Can we talk about it?'
2. Practice mirroring exercises to align verbal and nonverbal communication.",Communication
Expresses their emotions in a way that feels just right.,Bottles up their emotions or reacts way out of proportion.,Healthy communication includes sharing emotions constructively. Overreactions or suppression can create tension.,"They don‚Äôt share feelings for weeks, then suddenly explode over small things.",Unhealthy emotional expression leads to unresolved tension and emotional withdrawal.,,"1. Share, 'It‚Äôs okay to feel upset, but I need us to talk calmly.'
2. Encourage journaling or mindfulness for managing emotions.",Communication
"Works through disagreements like a calm, collected boss.",Avoids tough conversations or blows up instead of addressing issues.,Resolving conflict calmly strengthens relationships. Aggression or avoidance often worsens issues.,They avoid discussing relationship issues but yell when pressed.,Unresolved conflicts build resentment and erode the relationship over time.,,"1. Suggest, 'Let‚Äôs discuss this when we‚Äôre both calm.'
2. Use 'I' statements to express feelings without blame.",Communication
"Speaks kindly, even when you don‚Äôt see eye to eye.",Uses a sarcastic or condescending tone that stings.,"Tone conveys intent. A sarcastic or harsh tone can escalate tension, even if the words are neutral.","They respond to a genuine question with a sarcastic, ""Obviously, I already know.""","Tone impacts how messages are received, with negative tones escalating issues unnecessarily.",,"1. Say, 'Can we discuss this without sarcasm?'
2. Practice rephrasing statements to keep tone neutral.",Communication
Knows the perfect time to have important talks.,Brings up personal or sensitive topics at the worst possible moments.,Timing matters in communication. Discussing serious issues during stressful or inappropriate moments can backfire.,"During a fun outing, they bring up a sensitive argument from last week.",Poor timing reduces the chance of productive conversations and adds stress.,,"1. Suggest, 'Can we pick a better time to talk about this?'
2. Plan check-ins for regular discussions on important topics.",Communication
Keeps their communication steady and predictable.,Sends mixed signals with inconsistent texts or communication.,Consistency builds trust. Erratic communication patterns make it hard to feel secure in the relationship.,"They text you all day one day, then ignore you completely the next.",Inconsistent communication patterns breed insecurity and misunderstanding.,,"1. Share, 'It‚Äôs hard to feel connected when communication is inconsistent.'
2. Set boundaries or expectations for regular updates.",Communication
"Makes you feel seen and heard, even if they don‚Äôt agree.",Brushes off your feelings as if they don‚Äôt really matter.,Validation means acknowledging and respecting someone‚Äôs feelings. Dismissiveness creates emotional disconnection.,"You express frustration, and they say, ""You‚Äôre making a big deal out of nothing.""",Dismissing feelings creates a sense of isolation and lack of emotional connection.,,"1. Say, 'I just need to feel like you understand where I‚Äôm coming from.'
2. Share why validation is important for emotional safety.",Communication
"Gives kind, thoughtful feedback that feels uplifting, not harsh.",Criticizes harshly but never offers helpful solutions.,Feedback is essential for growth but should be framed constructively. Harsh criticism damages confidence and trust.,"They tell you your work presentation was ""terrible"" but don‚Äôt give any suggestions for improvement.",Harsh criticism reduces self-esteem and discourages openness.,,"1. Ask, 'Can we frame this in a way that helps me improve?'
2. Request examples of what worked well alongside critiques.",Communication
Shares openly without holding back the important stuff.,"Keeps important information to themselves, even when it really matters.",Transparency involves openly sharing information relevant to the relationship. Withholding details can create suspicion and insecurity.,"They don‚Äôt tell you they‚Äôre seeing their ex regularly because ""it‚Äôs not a big deal.""","Without transparency, it‚Äôs difficult to build security and trust in the relationship.",,"1. Share, 'I need us to be open about things that might affect our trust.'
2. Set boundaries for transparency together.",Trust and Honesty
Owns their mistakes and actually makes things right.,Blames others instead of owning up to their mistakes.,Accountability means owning up to mistakes. Blaming others or refusing responsibility weakens trust.,They miss an appointment and claim the directions were unclear instead of admitting they forgot.,Blame-shifting creates resentment and undermines the foundation of accountability.,Only worth addressing if the relationship provides other values,"1. Say, 'It‚Äôs okay to make mistakes, but I need honesty about them.'
2. Encourage open conversations about challenges.",Trust and Honesty
Follows through on promises like it‚Äôs second nature.,Bails on plans or breaks promises at the last minute way too often.,Reliability is shown through consistent follow-through on commitments. Flakiness signals unreliability.,"They cancel dinner plans five minutes before you‚Äôre supposed to meet, with no real excuse.",Unreliability leaves you feeling unsupported and questioning their commitment.,Always worth addressing,"1. Share, 'When plans change last minute, it makes me feel unimportant.'
2. Discuss setting more realistic expectations for commitments.",Trust and Honesty
"Talks honestly about their past, even the tough parts.",Avoids talking about significant parts of their past or lies about it.,Honesty about the past builds trust. Hiding significant experiences leads to doubt.,"They avoid telling you why their last relationship ended, saying, ""It‚Äôs not important.""",Dishonesty about the past creates uncertainty and makes emotional intimacy harder.,Never worth addressing. Dealbreaker. Relationship ender,"1. Say, 'I want to know about your past so I can understand you better.'
2. Reassure them that sharing vulnerabilities strengthens connection.",Trust and Honesty
"Stays true to their values, whether anyone‚Äôs watching or not.",Acts dishonestly when they think no one‚Äôs watching.,"Integrity means acting with honesty and moral principles, even in challenging situations.","They claim they didn‚Äôt spend money on a big purchase, but you later find the receipt.",A lack of integrity damages the moral foundation of the relationship.,Only worth addressing if it doesn't reoccur,"1. Mention, 'I admire integrity; it shows strength and trustworthiness.'
2. Discuss ways to reinforce shared values in everyday actions.",Trust and Honesty
Keeps it real about their financial habits and decisions.,Makes secretive financial moves or hides their spending habits.,"Financial trust includes being upfront about spending, debts, and habits. Secrecy creates tension.","They secretly open a credit card without discussing it, leaving you blindsided later.","Financial secrecy causes stress and mistrust, especially in shared finances.",Always worth addressing,"1. Share, 'Big financial decisions should be made together.'
2. Set ground rules for financial transparency and shared planning.",Trust and Honesty
"Shares their feelings with honesty and heart, no holding back.",Bottles up feelings until it all comes out in a messy way.,Emotional openness fosters connection. Bottling emotions leads to misunderstandings.,"They stay quiet about being upset for weeks, then explode over something minor.",Bottled emotions lead to disconnection and unresolved issues.,,"1. Say, 'I‚Äôd rather you share how you feel than keep it inside.'
2. Practice emotional check-ins to create a safe sharing space.",Trust and Honesty
Respects boundaries and never crosses lines without permission.,Snoops through your things or checks your phone without asking.,Respecting privacy builds security. Snooping or invading privacy erodes trust.,They go through your text messages when you leave your phone unattended.,Invading privacy creates a sense of violation and reduces emotional safety.,,"1. Share, 'I value privacy and need to trust my boundaries are respected.'
2. Establish clear guidelines about privacy and trust.",Trust and Honesty
Has your back both in public and behind the scenes.,Talks behind your back or undermines you to others.,"Loyalty involves speaking positively about your partner, even when they‚Äôre not present.",They complain to a mutual friend about your habits instead of addressing them with you.,Disloyalty fosters insecurity and damages your reputation as a team.,,"1. Say, 'I feel hurt hearing that you spoke negatively about me.'
2. Ask for a mutual agreement to uplift each other in all settings.",Trust and Honesty
"Makes sure their actions match their words, every single time.",Says one thing but consistently does something completely different.,Consistency ensures trustworthiness. Mixed messages create confusion and doubt.,They promise to work on communication but still avoid tough conversations.,Inconsistency makes it hard to feel confident in their reliability.,,"1. Mention, 'I need actions to match words so I can feel secure.'
2. Address inconsistencies and set expectations for better alignment.",Trust and Honesty
Values your independence and gives you the space you need.,Doesn‚Äôt respect your need for space or alone time.,Respecting personal space means understanding the importance of alone time or independence for well-being. Disrespecting this can lead to feelings of suffocation.,"You ask for an evening to yourself, and they show up at your door uninvited.","Without respecting personal space, it‚Äôs hard to maintain individuality and emotional health.",,"1. Say, 'I need some time to recharge; it‚Äôs nothing personal.'
2. Establish clear boundaries for alone time and independence.",Respect and Boundaries
Honors your emotional boundaries without making it a big deal.,Brushes off your emotional needs or acts like your boundaries don‚Äôt matter.,Emotional boundaries are crucial for maintaining mental health. Dismissing them shows a lack of empathy and respect.,"You express feeling overwhelmed, and they say, ""I don‚Äôt see why you‚Äôre upset.""",Dismissing emotional boundaries leads to feelings of invalidation and emotional distress.,,"1. Share, 'I need you to respect how I feel, even if you don‚Äôt understand it.'
2. Discuss what emotional boundaries look like for you.",Respect and Boundaries
Respects your time and never takes it for granted.,Demands your attention without caring about your schedule.,Time boundaries ensure mutual respect for each other's schedules and commitments. Ignoring them creates tension and resentment.,"They expect you to drop everything to talk, even during your busiest work hours.",Ignoring time boundaries shows a lack of respect for your priorities and creates resentment.,,"1. Say, 'I need you to consider my schedule before asking for my time.'
2. Set realistic expectations for availability.",Respect and Boundaries
Always asks for consent and makes sure you‚Äôre comfortable.,Pushes physical boundaries or ignores when you‚Äôre clearly uncomfortable.,Physical boundaries protect comfort and safety. Pushing them damages trust and creates discomfort.,They ignore your verbal or non-verbal cues when you‚Äôre clearly uncomfortable.,Violating physical boundaries undermines trust and safety in the relationship.,,"1. Share, 'I need you to respect when I‚Äôm not comfortable with physical contact.'
2. Encourage discussions about consent.",Respect and Boundaries
"Values your opinions, even when they don‚Äôt agree.",Belittles or makes fun of your opinions and beliefs.,Respecting opinions fosters equality and mutual respect. Belittling them creates insecurity and conflict.,"During a debate, they laugh and call your opinion ""silly.""",Belittling opinions fosters insecurity and weakens mutual respect.,,"1. Say, 'We don‚Äôt have to agree, but I need my opinions to be respected.'
2. Practice listening to each other without judgment.",Respect and Boundaries
Cheers you on and trusts you to make your own decisions.,Tries to control your choices or undermine your decisions.,Autonomy allows individuals to make their own choices. Undermining it leads to control and dependency issues.,"They try to dictate your career choices, saying, ""That‚Äôs not what‚Äôs best for us.""",Undermining autonomy stifles growth and creates dependency or resentment.,,"1. Share, 'I want your support, not your control, in my decisions.'
2. Reinforce the importance of autonomy in the relationship.",Respect and Boundaries
Keeps your privacy sacred and never snoops.,Invades your privacy by snooping or digging into your personal life.,Privacy is fundamental for trust. Invading it without consent violates security and respect.,"They dig through your personal emails, claiming they were ""just curious.""",Invasion of privacy creates feelings of violation and erodes trust.,,"1. Say, 'I need my privacy to feel safe in this relationship.'
2. Set boundaries around personal items and information.",Respect and Boundaries
Honors your social limits and never pushes you to do more than you want.,Pressures you into social situations you‚Äôre not okay with.,Social boundaries reflect individual comfort levels with interactions. Pressuring someone disregards their preferences.,They push you to attend a party with people you‚Äôve said make you uncomfortable.,Ignoring social boundaries makes you feel pressured and uncomfortable.,,"1. Share, 'I appreciate your enthusiasm, but I‚Äôm not comfortable with this.'
2. Discuss your social boundaries openly.",Respect and Boundaries
Handles disagreements with calmness and a focus on finding solutions.,Uses arguments as a way to gain control instead of working through problems.,Healthy conflict resolution focuses on solutions. Power plays create division and resentment.,"During a disagreement, they interrupt and take control of the conversation instead of listening.",Using conflict to dominate leads to unresolved issues and emotional strain.,,"1. Say, 'Let‚Äôs focus on resolving this rather than trying to win.'
2. Use conflict resolution strategies like active listening.",Respect and Boundaries
"Communicates with kindness, even when emotions are running high.",Uses harsh or dismissive words when things get heated.,Respectful communication builds trust. Aggressive language erodes emotional safety.,"During an argument, they snap, ""You‚Äôre being ridiculous,"" instead of discussing the issue calmly.",Aggressive communication damages trust and emotional safety in the relationship.,,"1. Share, 'I need us to communicate respectfully, even when we‚Äôre upset.'
2. Practice pausing and rephrasing during disagreements.",Respect and Boundaries
Keeps their word and follows through every time.,Breaks promises or drops the ball on commitments too often.,Follow-through reflects reliability and respect for commitments. Failing to meet promises damages trust.,"They promise to pick up the kids but forget, leaving you scrambling for a solution.",Broken promises erode trust and leave you feeling undervalued.,,"1. Share, 'I need us to follow through on what we agree to.'
2. Discuss strategies to ensure commitments are met.",Commitment and Consistency
Brings steady emotional support to the relationship.,Keeps you guessing with emotional ups and downs.,Emotional stability creates a sense of safety. Inconsistency can make the relationship feel volatile.,"One day they‚Äôre affectionate and supportive, the next they‚Äôre cold and distant without explanation.",Emotional inconsistency makes the relationship feel unstable and uncertain.,,"1. Share, 'I need to feel like I can rely on your emotional presence.'
2. Establish ways to check in regularly.",Commitment and Consistency
Shows loyalty you can see in both their words and actions.,Acts disloyal or doesn‚Äôt follow through on their commitments.,Loyalty involves showing alignment in words and actions. Disloyalty creates doubt about their commitment.,They assure you they‚Äôll handle a big family responsibility but back out at the last minute.,Disloyalty creates emotional insecurity and undermines mutual respect.,,"1. Say, 'I need consistency in how you represent our relationship.'
2. Set expectations for loyalty in actions and words.",Commitment and Consistency
Puts in regular effort to keep the relationship strong and happy.,"Puts in effort only when it‚Äôs convenient, leaving you feeling neglected.",Effort shows dedication to the relationship. Sporadic involvement signals a lack of prioritization.,They only engage in date nights or meaningful conversations when it suits their schedule.,Neglecting effort over time weakens the relationship's foundation.,,"1. Share, 'I‚Äôd like us to keep making an effort to grow together.'
2. Schedule regular quality time to nurture the relationship.",Commitment and Consistency
Is always dependable when you need them most.,Isn‚Äôt there for you when it really matters.,Dependability means being there when it matters most. Failing this undermines trust.,"You‚Äôre sick and need help, but they prioritize a night out with friends instead.",Being unreliable makes you feel unsupported and alone during critical moments.,,"1. Say, 'I need to feel like I can count on you when it matters.'
2. Discuss ways to improve reliability during important moments.",Commitment and Consistency
Matches their everyday actions to the big picture goals for the relationship.,Avoids talking about the future or acts in ways that don‚Äôt align with shared goals.,Long-term goals align actions today with the future. Avoidance of this leads to uncertainty.,"When you bring up saving for a home, they brush it off or continue spending irresponsibly.",Avoidance of future planning creates doubts about the relationship's direction.,,"1. Share, 'I want to talk about where we‚Äôre headed and how we get there.'
2. Set regular check-ins for discussing future goals.",Commitment and Consistency
Handles changes with grace while keeping the relationship steady.,Resists change and creates unnecessary strain during transitions.,Adaptability allows the relationship to grow with life's changes. Resistance causes friction.,They complain about changes in your routine rather than finding a way to adjust together.,Resistance to change creates tension and stalls growth within the relationship.,,"1. Say, 'I know changes are tough, but let‚Äôs figure this out together.'
2. Brainstorm ways to adapt and support each other.",Commitment and Consistency
"Builds and keeps trust through thoughtful, consistent actions.",Sends mixed signals with inconsistent behavior.,Trustworthiness is earned through consistent actions. Inconsistency fosters insecurity.,They text sweet messages one day but ignore your calls the next.,Inconsistent behavior erodes trust and makes intentions unclear.,,"1. Share, 'Consistency helps me feel secure. Can we work on that?'
2. Identify patterns and address inconsistencies together.",Commitment and Consistency
"Approaches conflicts with calm, steady behavior that feels safe.",Handles conflicts in ways that feel chaotic or hurtful.,Conflict resolution consistency builds emotional safety. Erratic behavior damages connection.,"During conflicts, they yell or storm out, leaving issues unresolved.",Erratic conflict resolution creates fear and emotional distance.,,"1. Say, 'Let‚Äôs focus on resolving this the same way we did last time.'
2. Practice consistent and constructive conflict resolution methods.",Commitment and Consistency
Creates little routines that make the relationship feel connected and strong.,"Skips out on building steady routines, making things feel unstable.",Routines build stability and reliability. Neglecting them creates uncertainty.,"They constantly forget routines like helping with dinner or family traditions, causing chaos.",Lack of routines leads to instability and difficulty maintaining connection.,,"1. Share, 'Let‚Äôs create routines that help us stay connected.'
2. Build small rituals like weekly dates or daily check-ins.",Commitment and Consistency
"Co-parents with respect and teamwork, making it feel easy.",Undermines or speaks poorly about the other parent in front of the kids.,Healthy co-parenting involves mutual respect and collaboration. Undermining the other parent confuses children and creates tension.,They complain about your parenting decisions in front of the kids.,Negative talk about co-parents damages children‚Äôs sense of stability and emotional safety.,,"1. Agree to discuss parenting concerns privately.
2. Focus on shared goals for the children‚Äôs well-being.",Parenting and Family Dynamics
"Stays fair and consistent with discipline, keeping it age-appropriate.",Uses discipline methods that are either all over the place or overly harsh.,Discipline should teach responsibility and self-control. Harsh or inconsistent methods harm trust and emotional health.,They ground the kids for minor issues one week but ignore major problems the next.,"Inconsistent discipline creates confusion and undermines authority, while harsh methods damage trust.",,"1. Create a consistent discipline plan together.
2. Adjust methods to ensure they are age-appropriate and fair.",Parenting and Family Dynamics
Prioritizes family time to keep everyone feeling close and loved.,Prioritizes other things over quality family time again and again.,Family time strengthens bonds and creates lasting memories. Neglecting it weakens connection and fosters disconnection.,They frequently choose work or hobbies over spending time with the family.,Neglecting family time weakens bonds and creates emotional distance.,,"1. Schedule regular family activities that everyone values.
2. Set boundaries to prioritize family time over other obligations.",Parenting and Family Dynamics
"Talks openly and respectfully with kids, making them feel heard.",Brushes off or dismisses children‚Äôs feelings and ideas.,Open communication with children builds trust and mutual respect. Dismissiveness damages their confidence and self-worth.,"When the kids share a problem, they respond with, ""You‚Äôll be fine,"" instead of listening.",Invalidating children‚Äôs feelings damages their self-esteem and ability to communicate openly.,,"1. Practice active listening with children.
2. Reassure them their thoughts are important and valued.",Parenting and Family Dynamics
Supports and respects parenting differences without judgment.,Criticizes or disrespects their partner‚Äôs parenting approach.,"Parenting styles often differ, but mutual respect ensures harmony. Criticism causes conflict and insecurity.","They tell you your parenting style is ""wrong"" in front of others.",Criticizing parenting styles causes tension and undermines partnership.,,"1. Share, 'I respect your approach; can we find a way to blend our styles?'
2. Create a united front for the kids.",Parenting and Family Dynamics
"Includes everyone in family decisions, giving each voice value.",Makes family decisions without including or considering everyone involved.,Family decisions should involve everyone. Excluding others fosters resentment and a lack of unity.,They plan a family vacation without asking for input from you or the kids.,Excluding family members from decisions creates resentment and weakens family unity.,,"1. Hold family meetings for major decisions.
2. Ensure everyone feels heard and valued.",Parenting and Family Dynamics
Works toward harmony and togetherness in blended family life.,Lets favoritism or tension mess up the balance in a blended family.,Blended families thrive on inclusivity and fairness. Tension or favoritism causes division and mistrust.,"They favor one child consistently, leaving the others feeling left out.",Favoritism or tension in blended families causes division and emotional harm.,,"1. Create a family charter that outlines shared values.
2. Hold regular check-ins to address feelings and concerns.",Parenting and Family Dynamics
Models the kind of behaviors and values you want for the kids.,Doesn‚Äôt practice the values they want to teach the kids.,Children learn from watching adults. Contradictory behaviors confuse their understanding of values.,They stress the importance of honesty but lie to get out of commitments.,Inconsistent role modeling confuses children and weakens their value system.,,"1. Reflect on your actions to ensure alignment with values.
2. Involve children in discussions about values and behaviors.",Parenting and Family Dynamics
Sets boundaries with extended family while keeping things healthy and kind.,Lets extended family overstep boundaries and cause drama.,Healthy boundaries with extended family ensure that the immediate family remains the priority.,They allow their parents to overstep boundaries by undermining your parenting decisions.,Lack of boundaries with extended family undermines the immediate family‚Äôs autonomy.,,"1. Set clear expectations with extended family about their role.
2. Enforce boundaries respectfully but firmly.",Parenting and Family Dynamics
Balances children‚Äôs needs with keeping the relationship strong and connected.,"Puts their own desires above the needs of the kids, leaving them feeling overlooked.","Children's needs should always take precedence, ensuring their emotional and physical well-being.",They spend money on luxury items for themselves but claim there‚Äôs no budget for the kids‚Äô extracurricular activities.,Neglecting children‚Äôs needs impacts their development and emotional security.,,"1. Regularly evaluate spending priorities to ensure children‚Äôs needs are met.
2. Balance personal desires with family responsibilities.",Parenting and Family Dynamics
Loves diving into shared hobbies and fun activities together.,"Shows no interest in shared hobbies, making connection feel one-sided.",Shared hobbies strengthen connection and create shared memories. Ignoring them diminishes opportunities for bonding.,"They refuse to join in a shared hobby like hiking, saying, ""That‚Äôs not my thing,"" while expecting you to engage in theirs.",Neglecting shared hobbies reduces opportunities for connection and bonding.,,"1. Suggest trying hobbies together to find common ground.
2. Discuss activities you both might enjoy exploring.",Lifestyle and Interests
Totally respects your ‚Äúme time‚Äù for personal hobbies and passions.,Dismisses your personal hobbies as if they don‚Äôt matter.,Personal hobbies foster individuality and balance. Criticizing them can lead to feelings of inadequacy or control.,"When you talk about your new craft project, they roll their eyes and say, ""Why bother?""",Criticizing personal hobbies stifles individuality and creates resentment.,,"1. Say, 'I need you to respect my personal hobbies as part of who I am.'
2. Set boundaries around personal interests.",Lifestyle and Interests
"Prioritizes health and cheers on a balanced, feel-good lifestyle.","Ignores health and wellness, treating it as an afterthought.",A focus on health supports a long and fulfilling relationship. Neglecting it can cause avoidable challenges.,"They frequently skip doctor appointments or dismiss healthy meal planning as ""too much effort.""",Neglecting health impacts both partners' quality of life and relationship longevity.,,"1. Share, 'I‚Äôd like us to focus on making health a priority together.'
2. Set shared health goals or activities.",Lifestyle and Interests
Joins in on social plans you both actually enjoy.,Pushes you into social plans you‚Äôre not excited about.,Mutually enjoyable social activities build connection. Pressure to engage in unwanted activities breeds resentment.,They insist on attending a loud party when you‚Äôve expressed a preference for a quiet night in.,Social pressure causes discomfort and weakens trust and autonomy.,,"1. Say, 'I need to feel comfortable in social settings. Can we find a compromise?'
2. Balance social activities with alone time.",Lifestyle and Interests
Finds common ground on travel plans or meets you halfway on compromises.,"Refuses to meet in the middle on travel plans, making it all about them.",Compromising on travel ensures both partners feel considered. Rigidity leads to dissatisfaction.,"They refuse to compromise on a vacation destination, saying, ""We‚Äôre going where I want.""",Rigidity in travel preferences creates imbalance and dissatisfaction.,,"1. Discuss travel goals and budget preferences openly.
2. Alternate between each partner‚Äôs travel preferences.",Lifestyle and Interests
Keeps work in check to make time for what really matters.,"Puts work above everything else, leaving little room for the relationship.",Work-life balance is essential for emotional and physical well-being. Overwork creates distance.,"They work late every night and cancel plans with you, saying, ""I‚Äôm just too busy.""","Overworking diminishes intimacy and connection, creating emotional distance.",,"1. Share, 'I miss spending time with you. Can we set boundaries around work hours?'
2. Create regular times for personal connection.",Lifestyle and Interests
Appreciates and supports your love for culture and creativity.,Mocks or disregards the cultural interests and traditions you hold dear.,Cultural appreciation enriches the relationship. Dismissiveness creates conflict and alienation.,"When you share a family tradition, they laugh and call it ""outdated.""",Dismissing cultural interests weakens mutual respect and connection.,,"1. Say, 'Your support for my cultural interests means a lot.'
2. Plan activities to explore each other's cultures.",Lifestyle and Interests
Encourages mindfulness and respects your spiritual side.,Belittles or brushes off your spiritual or mindfulness practices.,Spiritual practices can provide grounding and peace. Belittling them creates tension and disconnection.,"You talk about a mindfulness practice, and they say, ""That‚Äôs just a waste of time.""",Mocking spiritual practices erodes trust and emotional safety.,,"1. Share, 'My spiritual practices help me stay grounded. I‚Äôd appreciate your support.'
2. Invite them to join or respect your practices.",Lifestyle and Interests
"Finds favorite shows, movies, or music you both can vibe to.",Insists on only their entertainment preferences without compromise.,Entertainment choices are a way to connect and unwind together. Insistence on one-sided choices limits shared enjoyment.,"Movie night always revolves around their favorite genre, regardless of your preferences.",One-sided entertainment choices limit shared enjoyment and bonding.,,"1. Say, 'I‚Äôd love if we could explore entertainment choices we both enjoy.'
2. Take turns choosing movies or activities.",Lifestyle and Interests
Shares financial goals that just make sense together.,Creates tension by having clashing financial goals or habits.,Financial compatibility fosters stability and reduces stress. Mismatched habits lead to ongoing conflict.,"They save excessively while you want to invest, or they spend recklessly while you try to budget.",Financial tension disrupts stability and long-term harmony.,,"1. Share, 'I think we need to align our financial goals.'
2. Set a budget together and stick to agreed priorities.",Lifestyle and Interests
"Always eager to grow, learn, and level up personally.",Shows no interest in growing or learning new things.,Personal development fosters growth and adaptability. Neglecting it leads to stagnation.,"They show no interest in trying a new skill, saying, ""I‚Äôm too old to learn anything new.""",Neglecting self-growth stifles personal and relational progress.,,"1. Encourage setting personal goals and pursuing hobbies.
2. Share resources like books or courses for mutual growth.",Self-Growth and Stability
Handles emotions with care and in a healthy way.,Reacts to situations with unnecessary anger or outbursts.,Healthy emotional regulation promotes stability. Outbursts create volatility and fear.,They snap and yell when dinner is late instead of calmly asking what‚Äôs wrong.,Emotional outbursts create instability and fear in relationships.,,"1. Suggest, 'Let‚Äôs take a break and revisit this when we‚Äôre calmer.'
2. Practice mindfulness or anger management techniques together.",Self-Growth and Stability
"Owns up to their choices and decisions, no excuses.",Shifts blame or refuses to own up to their mistakes.,Accountability builds trust and maturity. Avoiding it fosters resentment and disconnect.,"They blame you for forgetting a family event, even though they never put it on their calendar.",Avoiding accountability erodes trust and respect.,,"1. Say, 'I appreciate when you own up to mistakes; it builds trust.'
2. Discuss ways to approach accountability as a team.",Self-Growth and Stability
Reflects on actions and genuinely works to improve.,Lacks awareness of how their actions affect others.,Self-awareness enhances relationships by improving communication and empathy.,"They talk loudly on the phone at night, ignoring how it keeps you awake.",Lack of self-awareness limits the ability to grow and connect.,,"1. Share, 'I‚Äôd like us to reflect on our actions and how they affect each other.'
2. Practice journaling or self-reflection exercises.",Self-Growth and Stability
Sees challenges as chances to grow and find creative solutions.,Avoids challenges or refuses to try new ways of doing things.,A growth mindset creates resilience. Avoiding challenges hinders progress.,"They refuse to try a new approach to co-parenting, saying, ""This is how I‚Äôve always done it.""",Avoiding challenges prevents the relationship from evolving.,,"1. Encourage viewing challenges as opportunities to grow together.
2. Set small, achievable goals to build confidence.",Self-Growth and Stability
"Tackles conflicts with a calm, constructive approach.",Uses arguments to take control or withdraws completely instead of resolving issues.,Conflict management fosters resolution and trust. Escalation or avoidance worsens problems.,"During an argument, they dominate the conversation or stop talking altogether to avoid resolution.",Poor conflict management fosters resentment and emotional distance.,,"1. Share, 'I want us to resolve conflicts without yelling or withdrawing.'
2. Learn conflict resolution strategies together.",Self-Growth and Stability
"Rolls with life‚Äôs changes with a positive, resilient attitude.","Struggles to adapt to life‚Äôs changes, making things feel unstable.",Adaptability ensures smooth transitions in relationships and life. Resistance creates tension.,"When you suggest a move or career change, they resist and say, ""I can‚Äôt handle this right now.""",Inability to adapt creates unnecessary strain and tension.,,"1. Say, 'Change is hard, but we can navigate it as a team.'
2. Plan steps to adapt and support each other.",Self-Growth and Stability
Strikes a healthy balance between work and play.,"Over-focuses on work or personal time, neglecting balance in the relationship.",Work-life balance maintains emotional and physical well-being. Imbalance strains relationships.,"They spend every weekend with friends or on hobbies, leaving no time for the relationship.",Imbalance between work and life reduces intimacy and connection.,,"1. Share, 'I miss spending quality time with you.'
2. Set boundaries for work hours and personal time.",Self-Growth and Stability
"Knows how to handle stress like a pro, keeping things cool and steady.","Avoids dealing with stress, leading to unhealthy coping habits.",Stress management supports a calm and stable environment. Poor coping affects all areas of life.,"They ignore stress until it leads to angry outbursts or destructive behavior, like drinking excessively.",Poor stress management leads to a toxic environment.,,"1. Discuss, 'How can we manage stress better as a team?'
2. Explore stress-relief practices like exercise or therapy.",Self-Growth and Stability
Shows up consistently with actions that match their words over time.,"Acts unpredictably, leaving you feeling confused and unsure.",Consistency creates reliability and trust. Erratic behavior disrupts emotional safety.,They are affectionate one day and completely distant the next without explanation.,Inconsistency creates doubt and insecurity in the relationship.,,"1. Share, 'Consistency helps me feel secure. Can we work on that?'
2. Identify and address areas of inconsistent behavior.",Self-Growth and Stability
Shares love through physical touch in ways that feel safe and meaningful.,"Withholds physical affection, making the relationship feel distant.",Physical affection fosters intimacy and connection. Avoiding it creates emotional distance.,"They stop hugging or holding hands but don‚Äôt say why, leaving you feeling rejected.",Lack of physical affection reduces intimacy and weakens the bond.,,"1. Share, 'Physical affection helps me feel connected. Can we work on that?'
2. Explore ways to express touch comfortably for both partners.",Love and Affection
Spreads emotional warmth through kind words and thoughtful actions.,Rarely shows emotional warmth or small acts of kindness.,Emotional affection nurtures a sense of love and safety. Neglecting it makes the relationship feel cold.,They rarely say kind words or do small thoughtful gestures like bringing you coffee.,Neglecting emotional affection creates a sense of being unloved and unsupported.,,"1. Suggest, 'Let‚Äôs check in on each other more emotionally.'
2. Practice sharing feelings regularly.",Love and Affection
Regularly uses sweet affirmations to uplift and reassure their partner.,"Skips out on compliments or avoids saying sweet, affirming things.",Words of affirmation build confidence and trust. Criticism or silence erodes self-esteem.,"They avoid complimenting you on your efforts, even when you go out of your way for them.",Criticism or lack of affirmation damages confidence and emotional security.,,"1. Share, 'Your encouragement means a lot to me.'
2. Encourage open affirmations and recognition of achievements.",Love and Affection
"Shows love in the little things, like thoughtful acts of service.",Misses chances to lend a hand or support their partner when it matters.,Acts of service demonstrate care through action. Neglecting this leads to feelings of neglect.,"You‚Äôre struggling with a big task, and they sit back instead of offering to help.",Neglecting acts of service makes the relationship feel one-sided.,,"1. Say, 'I‚Äôd love if we could help each other out more.'
2. Create a list of ways to share responsibilities.",Love and Affection
"Prioritizes undistracted, quality time that feels truly meaningful.",Consistently prioritizes other things over spending quality time together.,Quality time strengthens bonds and creates memories. Lack of it fosters disconnection.,They frequently prioritize work or social events over planned date nights.,Lack of quality time weakens emotional connection and shared experiences.,,"1. Share, 'I miss spending time with you.'
2. Schedule regular, dedicated time together.",Love and Affection
Learns and honors their partner‚Äôs unique love language like a pro.,Ignores or brushes off their partner‚Äôs love language.,Understanding love languages enhances connection. Ignoring them causes unmet needs.,"You express love through words, but they don‚Äôt respond or acknowledge it.",Ignoring love languages leaves partners feeling unfulfilled and disconnected.,,"1. Discuss love languages and share ways to meet each other‚Äôs needs.
2. Experiment with acts that align with both preferences.",Love and Affection
Surprises their partner with romantic gestures that show how much they care.,Makes no effort to create romantic or memorable moments.,Romantic gestures keep the relationship exciting and meaningful. Their absence creates stagnation.,"They never plan special surprises or dates, leaving the relationship feeling stale.",Absence of romantic gestures makes the relationship feel stagnant and unappreciated.,,"1. Share, 'I love when you surprise me‚Äîit makes me feel special.'
2. Take turns planning small romantic gestures.",Love and Affection
Offers empathy and steady support when times get tough.,Lacks empathy or dismisses their partner‚Äôs challenges and feelings.,Empathy provides comfort during tough times. Its absence creates emotional isolation.,"You share a personal struggle, and they respond with, ""That‚Äôs not a big deal.""",Lack of empathy creates emotional distance and disconnection.,,"1. Say, 'It helps me when you listen and empathize.'
2. Practice active listening and offering support during challenges.",Love and Affection
Expresses gratitude and appreciation for their partner in big and small ways.,Takes their partner for granted and forgets to show appreciation.,Appreciation reinforces value in the relationship. Lack of it leads to resentment.,They never thank you for your support or acknowledge the effort you put into the relationship.,Feeling unappreciated fosters resentment and weakens the relationship.,,"1. Share, 'I‚Äôd love to hear more appreciation‚Äîit makes me feel valued.'
2. Express gratitude for small and big gestures.",Love and Affection
"Listens with an open heart, offering emotional support without judgment.",Leaves their partner unsupported during tough times emotionally.,Emotional support builds trust and connection. Neglecting it creates insecurity.,"You‚Äôre going through a loss, and they emotionally check out instead of being there for you.",Absence of emotional support leads to insecurity and lack of trust.,,"1. Say, 'Your support matters to me, especially during tough times.'
2. Practice being present and available for each other emotionally.",Love and Affection
"Shares their feelings honestly, creating closeness and connection.",Avoids opening up about emotions or sharing their inner world.,Emotional openness strengthens the bond between partners. Avoidance creates distance and misunderstanding.,"They avoid sharing feelings, responding with ""It‚Äôs nothing"" when something is clearly bothering them.",Avoiding emotional openness creates disconnection and lack of understanding.,,"1. Share, 'I‚Äôd like us to talk openly about how we feel.'
2. Practice setting aside time for emotional check-ins.",Intimacy and Vulnerability
Approaches physical intimacy with mutual respect and care.,Pulls back from physical intimacy without any explanation.,Physical intimacy nurtures connection and trust. Dismissing it signals lack of investment or unresolved issues.,"They stop initiating physical intimacy without giving a reason, making you feel unwanted.",Withdrawing from physical intimacy weakens trust and connection.,,"1. Say, 'Physical closeness helps me feel connected.'
2. Explore ways to nurture physical intimacy together.",Intimacy and Vulnerability
"Makes space for fears and insecurities, offering validation and kindness.",Mocks or downplays their partner‚Äôs fears and insecurities.,Encouraging openness about insecurities builds trust. Mocking or dismissing them fosters shame.,"You share a fear, and they laugh it off or call it silly.",Invalidating insecurities fosters shame and emotional distance.,,"1. Share, 'I want us to feel safe sharing our insecurities.'
2. Reassure them that their vulnerabilities are valued and respected.",Intimacy and Vulnerability
Creates a safe haven for tough emotions to be expressed freely.,Shuts down or reacts poorly when emotions come into play.,Providing a safe space for emotions deepens trust. Reacting poorly causes fear and withdrawal.,"When you‚Äôre upset, they shut down or respond with anger instead of understanding.",Poor reactions to emotions cause fear and erode trust.,,"1. Say, 'I need to feel safe expressing my emotions.'
2. Practice active listening and emotional validation.",Intimacy and Vulnerability
"Nurtures a healthy, loving connection in the bedroom with care and respect.",Neglects physical closeness or avoids understanding mutual needs.,Healthy sexual intimacy is a key part of connection. Ignoring it leads to dissatisfaction and disconnect.,They avoid meaningful physical closeness and seem uninterested in mutual connection.,Neglecting sexual connection creates dissatisfaction and emotional separation.,,"1. Share, 'Let‚Äôs work on understanding each other‚Äôs intimacy needs.'
2. Communicate openly about preferences and boundaries.",Intimacy and Vulnerability
Communicates personal needs clearly and with kindness.,Ignores their partner‚Äôs personal needs or brushes them aside.,Clear communication about needs fosters understanding. Dismissiveness leaves needs unmet and creates frustration.,"You tell them you need more emotional support, and they dismiss your concerns as dramatic.",Ignoring expressed needs leads to frustration and unmet expectations.,,"1. Say, 'Your needs matter to me; I hope mine matter too.'
2. Work on a list of shared needs and how to meet them.",Intimacy and Vulnerability
Meets vulnerability with warmth and understanding instead of judgment.,Criticizes or shames vulnerability instead of embracing it.,Non-judgment in vulnerable moments reinforces emotional safety. Criticism erodes trust.,"When you open up, they say, ""Why are you so sensitive?"" instead of being supportive.",Judging vulnerability damages emotional safety and trust.,,"1. Share, 'I need to feel understood when I‚Äôm vulnerable.'
2. Commit to responding with compassion during tough moments.",Intimacy and Vulnerability
Acknowledges past wounds and works together to grow and heal.,Refuses to address past traumas or uses them as excuses to hurt others.,Addressing past wounds helps the relationship grow. Refusal to heal stunts progress and intimacy.,They refuse to work through past trauma and use it as an excuse to avoid accountability.,Avoiding healing limits the depth of connection and creates lingering issues.,,"1. Say, 'Let‚Äôs work together to heal past pain and move forward.'
2. Explore therapy or open discussions about past issues.",Intimacy and Vulnerability
Stands by their partner during moments of vulnerability with unwavering care.,Pulls away emotionally or minimizes their partner‚Äôs struggles when times are hard.,Supporting vulnerability fosters connection and reassurance. Pulling away creates isolation.,"You‚Äôre struggling emotionally, and they pull away or act like it‚Äôs not their problem.",Lack of support during vulnerability fosters isolation and resentment.,,"1. Share, 'I need to feel supported when I‚Äôm struggling.'
2. Practice showing up for each other during difficult times.",Intimacy and Vulnerability
Builds a deep connection through trust and shared experiences.,Avoids building deeper connections or creating meaningful moments together.,Deep connections are built through shared experiences and trust. Resistance leads to emotional shallowness.,"They avoid meaningful conversations or gestures, leaving the relationship feeling shallow.",Avoiding deeper connection prevents the relationship from reaching its full potential.,,"1. Say, 'I want to deepen our connection.'
2. Plan meaningful activities and conversations to foster intimacy.",Intimacy and Vulnerability